customer_id,monthly_charges,tenure,total_charges
0013-SMEOE,109.7,71,7904.25
0014-BMAQU,84.65,63,5377.8
0016-QLJIS,90.45,65,5957.9
0017-DINOC,45.2,54,2460.55
0017-IUDMW,116.8,72,8456.75
0019-EFAEP,101.3,72,7261.25
0019-GFNTW,45.05,56,2560.1
0020-INWCK,95.75,71,6849.4
0040-HALCW,20.4,54,1090.6
0042-RLHYP,19.7,69,1396.9
0056-EPFBG,39.4,20,825.4
0057-QBUQH,25.1,43,1070.15
0064-SUDOG,20.3,12,224.5
0071-NDAFP,25.5,25,630.6
0078-XZMHT,85.15,72,6316.2
0106-UGRDO,116.0,69,8182.85
0114-IGABW,58.25,71,4145.9
0123-CRBRT,88.1,61,5526.75
0136-IFMYD,109.95,69,7634.25
0164-APGRB,114.9,72,8496.7
0164-XAIRP,19.55,24,470.2
0174-QRVVY,25.35,71,1847.55
0181-RITDD,108.15,62,6825.65
0191-EQUUH,35.05,25,844.45
0201-MIBOL,102.4,66,6471.85
0206-OYVOC,19.25,46,864.2
0214-JHPFW,57.8,70,4039.3
0224-NIJLP,20.15,8,165.5
0229-LFJAF,69.65,72,4908.25
0230-WEQUW,56.6,66,3789.2
0238-WHBIQ,89.7,72,6339.3
0244-LGNFY,92.65,72,6733
0248-PGHBZ,92.45,67,6140.85
0253-ZTEOB,79.65,48,3870.3
0254-FNMCI,109.9,72,7624.2
0263-FJTQO,70.5,50,3486.65
0264-CNITK,20.1,71,1389.6
0266-CLZKZ,105.65,67,6717.9
0266-GMEAO,114.3,72,8058.55
0270-THENM,69.85,72,5102.35
0277-ORXQS,50.55,66,3364.55
0281-CNTZX,19.95,63,1234.8
0298-XACET,50.2,52,2554
0301-FIDRB,63.8,72,4684.3
0301-KOBTQ,20.05,32,614.45
0318-ZOPWS,20.15,49,973.35
0320-DWVTU,99.5,53,5424.25
0323-XWWTN,26.4,3,121.25
0336-KXKFK,61.2,72,4390.25
0336-PIKEI,74.4,72,5360.75
0343-QLUZP,39.6,60,2424.5
0345-XMMUG,108.9,46,4854.3
0354-VXMJC,19.6,23,426.65
0356-OBMAC,99.9,56,5706.3
0361-HJRDX,64.35,68,4539.6
0362-RAOQO,19.65,40,830.25
0363-SVHYR,86.85,71,6263.8
0374-FIUCA,20.4,65,1414.45
0378-CJKPV,112.1,72,7965.95
0379-DJQHR,81.35,67,5398.6
0383-CLDDA,85.35,69,5897.4
0386-CWRGM,19.4,46,967.85
0392-BZIUW,105.0,72,7589.8
0394-YONDK,25.15,70,1790.15
0397-ZXWQF,20.5,67,1430.95
0401-WDBXM,105.55,72,7542.25
0402-OAMEN,24.45,72,1709.1
0404-AHASP,19.7,72,1421.9
0412-UCCNP,59.2,55,3175.85
0420-TXVSG,66.1,66,4428.45
0436-TWFFZ,85.25,67,5714.2
0440-EKDCF,60.15,62,3753.2
0442-TDYUO,20.05,48,1036
0454-OKRCT,80.6,33,2651.1
0455-ENTCR,85.25,66,5538.35
0458-HEUZG,35.4,13,450.4
0459-SPZHJ,83.5,63,5435
0463-TXOAK,25.6,52,1334.5
0464-WJTKO,20.1,72,1460.85
0479-HMSWA,105.45,26,2715.3
0480-KYJVA,24.25,72,1784.5
0485-ZBSLN,24.75,65,1715.1
0486-LGCCH,19.65,11,225.75
0487-CRLZF,74.45,49,3721.9
0505-SPOOW,19.8,70,1397.65
0506-YLVKJ,20.2,46,917.45
0508-SQWPL,20.1,57,1087.7
0513-RBGPE,62.8,37,2278.75
0526-SXDJP,42.1,72,2962
0530-IJVDB,114.6,70,7882.5
0531-XBKMM,65.7,66,4378.9
0536-ACXIP,109.55,72,8165.1
0536-ESJEP,74.55,54,4191.45
0556-FJEGU,70.1,58,4048.95
0559-CKHUS,19.55,29,521.8
0562-FGDCR,74.55,72,5430.65
0562-HKHML,23.9,71,1626.4
0562-KBDVM,44.6,70,3058.15
0567-XRHCU,43.95,69,2960.1
0572-ZJKLT,99.65,46,4630.2
0582-AVCLN,20.3,38,743.05
0602-DDUML,69.75,57,3894.4
0603-TPMIB,25.45,59,1534.05
0604-THJFP,75.95,59,4542.35
0607-DAAHE,19.75,53,1052.35
0608-JDVEC,19.8,50,1013.2
0613-WUXUM,19.2,70,1401.4
0617-AQNWT,47.85,64,3147.5
0619-OLYUR,111.9,72,8071.05
0621-CXBKL,18.7,53,1005.7
0621-JFHOL,29.6,10,299.05
0625-AFOHS,20.2,29,558.8
0626-QXNGV,24.15,72,1776.45
0640-YJTPY,21.0,72,1493.75
0665-XHDJU,99.4,72,7285.7
0674-GCDXG,71.9,63,4479.2
0675-NCDYU,116.4,72,8543.25
0678-RLHVP,105.55,53,5682.25
0704-VCUMB,20.25,61,1278.8
0707-HOVVN,75.5,70,5212.65
0716-BQNDX,93.75,57,5625.55
0727-BNRLG,97.65,69,6743.55
0730-BGQGF,90.3,71,6287.3
0732-OCQOC,25.05,52,1270.25
0739-UUAJR,53.8,72,3952.45
0742-LAFQK,99.15,72,7422.1
0744-BIKKF,86.65,72,6224.8
0754-EEBDC,19.9,4,76.65
0757-WCUUZ,63.35,54,3409.1
0769-MURVM,65.7,72,4575.35
0771-CHWSK,74.6,66,4798.4
0774-RMNUW,59.7,71,4122.65
0780-XNZFN,20.65,57,1125.6
0784-ZQJZX,19.9,72,1529.65
0794-YVSGE,20.3,72,1401.15
0795-LAFGP,90.4,71,6668.05
0795-XCCTE,25.4,72,1809.35
0813-TAXXS,77.8,55,4323.35
0815-MFZGM,99.0,42,4135
0825-CPPQH,19.1,71,1372.45
0827-ITJPH,18.55,36,689
0831-JNISG,19.8,71,1396.25
0835-JKADZ,111.25,71,7984.15
0839-JTCUD,89.9,66,5958.85
0839-QNXME,19.4,30,578.5
0847-HGRML,20.0,62,1250.1
0848-SOMKO,48.4,70,3442.8
0853-TWRVK,105.6,72,7581.5
0854-UYHZD,19.55,13,265.3
0862-PRCBS,103.75,68,7039.45
0868-VJRDR,104.05,64,6605.55
0885-HMGPY,69.4,62,4237.5
0895-UADGO,44.55,8,343.45
0902-XKXPN,20.2,69,1376.5
0906-QVPMS,115.15,72,8349.45
0907-HQNTS,113.0,70,7987.6
0909-SELIE,80.8,61,4860.85
0916-KNFAJ,69.9,61,4226.7
0917-EZOLA,104.15,72,7689.95
0932-YIXYU,20.25,47,1029.8
0936-NQLJU,20.65,41,875.55
0942-KOWSM,80.8,30,2369.3
0945-TSONX,85.3,47,4107.25
0960-HUWBM,104.1,65,6700.05
0962-CQPWQ,20.3,62,1296.15
0971-QIFJK,24.25,69,1641.8
0973-KYVNF,70.65,72,5011.15
0979-MOZQI,39.0,62,2337.45
0988-AADSA,80.85,72,5824.75
1023-BQXZE,74.35,57,4317.35
1027-LKKQQ,80.45,72,5886.85
1043-UXOVO,113.15,71,7993.3
1043-YCUTE,25.15,56,1327.15
1047-RNXZV,19.55,43,876.15
1052-QJIBV,19.9,71,1397.3
1053-MXTTK,108.65,72,7726.35
1063-DHQJF,92.15,69,6480.9
1073-XXCZD,25.7,55,1443.65
1080-BWSYE,25.65,64,1740.8
1084-MNSMJ,85.5,51,4421.95
1087-GRUYI,20.4,38,743.5
1088-AUUZZ,75.85,56,4261.2
1089-XZWHH,19.7,24,494.05
1090-ESELR,105.5,72,7611.55
1092-WPIVQ,25.1,18,428.45
1093-YSWCA,19.55,11,223.15
1095-WGNGG,101.05,61,5971.25
1098-KFQEC,19.4,55,1083
1099-GODLO,20.35,1,20.35
1106-HRLKZ,19.6,40,808.95
1116-DXXDF,100.45,39,3801.7
1116-FRYVH,39.4,48,1978.65
1131-QQZEB,23.95,71,1756.2
1139-WUOAH,53.35,57,3090.05
1150-WFARN,108.75,67,7156.2
1162-ECVII,109.75,72,7932.5
1163-VIPRI,109.3,65,7337.55
1166-PQLGG,19.55,72,1463.45
1167-OYZJF,20.05,67,1263.05
1172-VIYBP,69.7,53,3686.05
1187-WILMM,89.4,63,5597.65
1194-BHJYC,62.15,61,3778.85
1206-EHBDD,80.3,56,4513.65
1207-BLKSA,23.05,52,1255.1
1209-VFFOC,56.4,68,3948.45
1215-EXRMO,20.55,50,1067.65
1221-GHZEP,65.1,62,3846.75
1223-UNPKS,20.05,20,400
1227-UDMZR,91.15,72,6637.9
1231-YNDEK,19.15,58,1035.5
1240-HCBOH,26.1,67,1759.55
1241-EZFMJ,25.45,61,1538.6
1241-FPMOF,19.65,52,1025.05
1245-HARPS,20.4,14,292.4
1248-DYXUB,24.8,52,1229.1
1265-BCFEO,80.45,71,5662.25
1265-ZFOSD,81.3,64,5129.3
1266-NZYUI,66.85,72,4758.8
1270-XKUCC,19.7,30,599.25
1271-UODNO,53.85,39,2200.7
1291-CUOCY,110.6,72,7962.2
1293-BSEUN,20.7,72,1482.3
1298-PHBTI,84.8,71,6152.4
1299-AURJA,24.7,70,1685.9
1302-TPUBN,19.35,66,1240.8
1303-SRDOK,69.05,55,3842.6
1304-SEGFY,97.85,72,6841.3
1306-RPWXZ,20.45,49,1024.65
1320-GVNHT,108.4,72,7767.25
1325-USMEC,99.35,70,6944.5
1328-EUZHC,20.1,18,370.5
1335-MXCSE,55.25,55,3119.9
1352-HNSAW,115.6,72,8220.4
1354-YZFNB,19.55,4,68.8
1371-DWPAZ,56.05,0, 
1395-WSWXR,20.75,24,487.05
1399-OUPJN,19.75,57,1272.05
1400-WIVLL,107.95,57,5969.85
1403-GYAFU,20.05,70,1360.25
1407-DIGZV,19.1,3,52
1409-PHXTF,110.45,54,6077.75
1414-YADCW,84.6,70,5706.2
1428-IEDPR,109.3,52,5731.4
1431-AIDJQ,82.1,33,2603.1
1447-PJGGA,95.25,57,5464.65
1452-UZOSF,106.1,72,7548.6
1455-HFBXA,91.6,52,4627.8
1459-QNFQT,59.5,70,4144.8
1460-UZPRJ,19.95,60,1258.15
1468-DEFNC,24.4,64,1548.65
1480-BKXGA,116.05,72,8404.9
1488-PBLJN,116.85,72,8477.7
1494-EJZDW,20.15,10,220.8
1498-NHTLT,86.75,59,5186
1506-YJTYT,73.85,45,3371
1525-LNLOJ,63.3,66,4189.7
1527-SXDPN,96.25,52,4990.25
1535-VTJOQ,25.15,24,553
1545-JFUML,99.0,71,6994.6
1555-DJEQW,114.2,70,7723.9
1555-HAPSU,23.9,71,1663.5
1557-EMYVT,115.05,43,4895.1
1568-BEKZM,90.05,70,6333.4
1568-LJSZU,92.2,68,6392.85
1574-DYCWE,19.95,51,1028.75
1576-PFZIW,105.35,70,7511.9
1591-XWLGB,19.85,71,1379.6
1619-YWUBB,24.95,68,1614.9
1621-YNCJH,106.05,36,3834.4
1627-AFWVJ,19.4,29,554.25
1635-HDGFT,20.5,19,398.55
1635-NZATJ,25.45,71,1789.65
1642-HMARX,91.7,68,6424.7
1657-DYMBM,19.9,53,1110.05
1676-MQAOA,75.1,72,5336.35
1699-TLDLZ,19.7,16,301.55
1699-UOTXU,61.4,60,3638.25
1705-GUHPV,24.2,63,1618.2
1709-EJDOX,19.75,47,948.9
1716-LSAMB,54.65,45,2553.7
1725-IQNIY,109.75,54,6110.2
1734-ZMNTZ,25.0,11,300.7
1741-WTPON,115.85,56,6567.9
1764-VUUMT,19.95,66,1269.1
1767-CJKBA,25.1,66,1697.7
1775-KWJKQ,89.85,72,6562.9
1779-PWPMG,114.65,72,8333.95
1790-NESIO,20.4,13,261.3
1813-JYWTO,80.45,72,5737.6
1814-WFGVS,48.9,72,3527
1820-DJFPH,24.05,72,1709.15
1821-BUCWY,55.65,30,1653.85
1830-GGFNM,94.55,65,6078.75
1830-IPXVJ,19.75,61,1311.6
1832-PEUTS,89.1,62,5411.65
1837-YQUCE,58.35,70,4214.25
1839-FBNFR,19.85,39,854.8
1841-YSJGV,109.95,72,7852.4
1843-TLSGD,20.85,13,272.35
1852-QSWCD,24.8,64,1514.85
1862-QRWPE,20.65,48,1057
1891-QRQSA,111.6,64,7099
1897-OKVMW,90.6,64,5817.45
1904-WAJAA,64.35,24,1558.65
1926-QUZNN,25.25,72,1841.2
1927-QEWMY,20.5,72,1502.25
1930-QPBVZ,95.1,68,6683.4
1936-CZAKF,49.65,49,2409.9
1936-UAFEH,110.25,68,7279.35
1937-OTUKY,98.2,72,7015.9
1945-XISKS,19.65,67,1335.2
1951-IEYXM,90.6,72,6441.85
1955-IBMMB,20.2,59,1192.3
1960-UOTYM,79.2,52,4016.3
1970-KKFWL,23.3,35,797.1
1971-DTCZB,90.95,72,6468.6
1972-XMUWV,59.8,65,3808.2
1982-FEBTD,25.6,23,514.75
1985-MBRYP,19.65,43,779.25
1987-AUELQ,25.05,71,1873.7
2000-DHJUY,92.2,70,6474.45
2001-EWBQU,104.7,60,6333.8
2001-MCUUW,108.65,46,4903.2
2005-DWQZJ,19.05,8,201.7
2007-QVGAW,19.35,68,1292.65
2017-CCBLH,20.0,8,141.6
2019-HDCZY,102.6,63,6296.75
2030-BTZRO,20.4,6,107.6
2040-LDIWQ,84.2,65,5324.5
2040-XBAVJ,114.45,72,8100.55
2050-ONYDQ,26.0,65,1654.85
2057-BOYKM,96.6,72,6827.5
2068-WWXQZ,20.05,46,902
2072-ZVJJX,25.25,68,1728.2
2075-PUEPR,19.35,55,1153.25
2077-DDHJK,70.9,68,4911.35
2088-IEBAU,88.15,68,6148.45
2091-GPPIQ,78.95,72,5730.15
2097-YVPKN,25.75,65,1654.75
2121-JAFOM,115.55,72,8312.4
2123-VSCOT,72.1,59,4194.85
2126-GSEGL,84.8,70,5917.55
2138-VFAPZ,19.7,14,263.65
2143-LJULT,25.25,67,1733.15
2146-EGVDT,19.3,59,1192.7
2160-GPFXD,65.65,54,3566.7
2162-FRZAA,39.35,63,2395.05
2167-FQSTQ,92.4,72,6786.1
2169-RRLFW,25.6,71,1888.25
2176-LVPNX,89.85,71,6293.45
2176-OSJUV,65.15,71,4681.75
2181-TIDSV,19.95,68,1303.25
2190-PHBHR,94.45,72,6921.7
2192-CKRLV,49.2,72,3580.95
2192-OZITF,73.55,45,3349.1
2193-SFWQW,111.95,72,8033.1
2194-IIQOF,89.3,71,6388.65
2197-OMWGI,53.0,68,3656.25
2200-DSAAL,80.65,68,5330.2
2207-RYYRL,24.55,52,1331.05
2208-MPXIO,20.0,45,886.4
2208-NKVVH,24.25,43,1077.95
2211-RMNHO,85.3,68,5560
2223-GDSHL,116.05,71,8297.5
2225-ZRGSG,93.9,70,6579.05
2226-ICFDO,85.9,72,6110.75
2228-BZDEE,20.1,54,1079.45
2229-DPMBI,19.5,8,162.15
2230-XTUWL,19.55,48,883.35
2234-EOFPT,79.35,72,5753.25
2235-EZAIK,79.2,72,5401.9
2236-HILPA,20.65,62,1218.45
2245-ADZFJ,80.55,31,2471.6
2251-PYLPB,79.55,72,5810.9
2252-NKNSI,85.15,52,4461.85
2253-KPMNB,46.25,69,3121.4
2256-YLYLP,72.95,68,4953.25
2263-SFSQZ,24.95,51,1222.25
2266-FUBDZ,19.35,15,278.85
2272-WUSPA,110.75,72,7751.7
2274-XUATA,63.1,72,4685.55
2277-BKJKN,99.2,71,7213.75
2296-DKZFP,71.0,65,4386.2
2300-RQGOI,20.05,38,741.5
2302-OUZXB,82.15,72,5784.3
2307-FYNNL,109.05,65,7108.2
2314-TNDJQ,55.65,72,3880.05
2323-ARSVR,111.05,67,7321.05
2324-EFHVG,104.4,64,6692.65
2333-KWEWW,20.05,18,388.6
2335-GSODA,40.1,23,857.75
2346-CZYIL,20.35,27,531.6
2346-LOCWC,20.5,58,1191.4
2351-BKRZW,75.2,43,3254.35
2368-GAKKQ,113.65,70,7939.25
2378-YIZKA,85.0,68,5607.75
2380-DAMQP,115.15,72,8349.7
2384-OVPSA,20.2,38,735.9
2388-LAESQ,114.85,72,8317.95
2400-FEQME,20.5,55,1177.95
2400-XIWIO,90.1,71,6310.9
2404-JIBFC,85.1,55,4657.95
2418-TPEUN,19.8,56,1119.9
2419-FSORS,108.4,72,7719.5
2428-HYUNX,19.35,44,847.25
2429-AYKKO,19.85,72,1434.1
2434-EEVDB,94.6,64,5948.7
2451-YMUXS,64.55,67,4250.1
2452-MRMZF,25.7,72,1937.4
2469-DTSGX,111.65,72,7943.45
2481-SBOYW,25.0,61,1498.35
2498-XLDZR,73.6,32,2316.85
2499-AJYUA,110.8,72,7882.25
2509-TFPJU,25.75,72,1864.2
2511-ALLCS,24.3,35,821.6
2516-XSJKX,78.45,41,3126.45
2520-SGTTA,20.0,0, 
2521-NPUZR,101.0,70,7085.5
2525-GVKQU,20.6,60,1093
2530-ENDWQ,93.7,71,6585.35
2530-FMFXO,103.2,56,5873.75
2533-QVMSK,94.1,61,5638.3
2535-PBCGC,64.55,70,4504.9
2545-LXYVJ,20.7,72,1492.1
2560-WBWXF,24.15,68,1498.85
2569-WGERO,21.15,72,1419.4
2578-JQPHZ,100.1,44,4378.35
2580-ASVVY,45.4,37,1593.1
2587-YNLES,20.1,6,100.35
2595-KIWPV,19.7,27,509.3
2599-CIPQE,109.3,71,7782.85
2607-DHDAK,19.8,72,1414.65
2612-PHGOX,76.1,64,4818.8
2616-FLVQC,19.55,64,1240.15
2626-VEEWG,19.4,67,1284.2
2632-IVXVF,111.75,68,7511.3
2632-TACXW,23.65,62,1416.75
2642-MAWLJ,20.25,36,717.95
2649-HWLYB,76.15,65,4929.55
2651-ZCBXV,108.0,54,5760.65
2661-GKBTK,76.95,60,4543.95
2664-XJZNO,104.9,72,7559.55
2675-IJRGJ,19.65,53,978
2676-SSLTO,66.15,49,3199
2696-RZVZW,25.05,68,1629.2
2706-QZIHY,25.2,15,387.9
2710-WYVXG,71.1,3,213.35
2718-YSKCS,19.6,71,1387.45
2725-TTRIQ,84.2,72,5986.55
2729-VNVAP,19.8,33,641.35
2753-JMMCV,74.2,65,4805.65
2773-MADBQ,53.1,36,1901.25
2773-OVBPK,111.3,67,7567.2
2775-SEFEE,61.9,0, 
2789-CZANW,110.3,64,6997.3
2796-NNUFI,19.95,46,927.1
2798-NYLMZ,108.55,71,7616
2799-TSLAG,25.3,65,1748.55
2804-ETQDK,20.55,66,1357.1
2805-AUFQN,19.8,25,475.2
2808-CHTDM,25.1,23,611.45
2817-LVCPP,19.4,50,1023.95
2824-DXNKN,71.45,72,5025.85
2834-JRTUA,108.05,71,7532.15
2845-KDHVX,68.3,64,4378.8
2848-YXSMW,19.4,72,1363.25
2863-IMQDR,89.65,61,5308.7
2878-RMWXY,102.65,72,7550.3
2882-WDTBA,75.75,69,5388.15
2885-HIJDH,86.9,69,6194.1
2888-ADFAO,21.3,47,1041.8
2892-GESUL,19.35,18,309.25
2900-PHPLN,19.55,70,1462.05
2904-GGUAZ,84.05,72,6052.25
2908-WGAXL,24.95,56,1468.9
2925-VDZHY,88.7,72,6501.35
2927-CVULT,104.05,53,5566.4
2933-XEUJM,79.2,46,3593.8
2954-PIBKO,64.15,69,4254.1
2961-VNFKL,25.95,71,1801.9
2977-CEBSX,90.05,66,5965.95
2984-RGEYA,19.75,69,1375.4
2984-TBYKU,104.9,72,7732.65
2987-BJXIK,84.7,70,5991.05
2988-QRAJY,110.05,69,7430.75
2990-IAJSV,92.0,72,6632.75
2990-OGYTD,86.15,67,5883.85
2995-YWTCD,24.9,19,467.7
2996-XAUVF,40.05,70,2799.75
2999-AANRQ,71.05,21,1524.85
3022-BEXHZ,111.2,67,7530.8
3027-YNWZU,25.0,64,1584.8
3050-RLLXC,81.25,56,4620.4
3057-VJJQE,55.25,35,1924.1
3070-BDOQC,99.65,60,5941.05
3070-FNFZQ,20.4,23,478.75
3071-MVJCD,82.3,72,5815.15
3078-ZKNTS,19.75,13,246.7
3082-YVEKW,77.15,23,1759.4
3084-DOWLE,92.0,72,6474.4
3088-FVYWK,25.55,53,1336.1
3090-HAWSU,111.6,61,6876.05
3096-YXENJ,107.65,65,7082.85
3097-FQTVJ,20.0,41,810.3
3108-PCCGG,84.45,72,5899.85
3115-CZMZD,20.25,0, 
3118-UHVVQ,25.8,68,1911.5
3120-FAZKD,24.05,54,1230.9
3129-AAQOU,25.6,19,485.9
3133-PZNSR,97.75,72,6991.6
3134-DSHVC,98.0,63,6218.45
3146-MSEGF,88.05,72,6425.65
3148-AOIQT,24.95,69,1718.35
3154-HMWUU,20.5,60,1198.8
3166-PNEOF,86.45,61,5175.3
3170-NMYVV,20.15,50,930.9
3173-WSSUE,19.7,71,1415.85
3174-AKMAS,64.2,46,3009.5
3186-AJIEK,105.65,66,6844.5
3190-ITQXP,20.25,46,890.35
3192-NQECA,110.0,68,7611.85
3197-NNYNB,105.1,65,6631.85
3200-MNQTF,70.9,67,4677.1
3212-KXOCR,21.0,52,1107.2
3213-VVOLG,25.35,0, 
3219-JQRSL,89.1,72,6352.4
3227-WLKLI,91.55,65,5963.95
3230-IUALN,81.0,45,3533.6
3230-JCNZS,99.0,71,7061.65
3239-TPHPZ,20.05,12,264.55
3244-CQPHU,110.1,72,7746.7
3249-VHRIP,43.6,62,2748.7
3258-SYSWS,113.8,72,7845.8
3258-ZKPAI,116.6,72,8337.45
3259-FDWOY,106.0,71,7723.7
3259-KNMRR,79.75,57,4438.2
3259-QMXUN,86.1,58,4890.5
3261-CQXOL,25.45,71,1813.35
3262-EIDHV,84.7,72,5893.9
3266-FTKHB,19.15,17,343.45
3274-NSDWE,19.6,68,1441.65
3279-DYZQM,19.45,71,1378.45
3280-MRDOF,69.1,30,2093.9
3283-WCWXT,25.4,6,153.3
3284-SVCRO,25.5,45,1121.05
3298-QEICA,34.6,23,813.45
3308-DGHKL,19.3,69,1447.9
3308-JSGML,64.05,59,3886.85
3352-RICWQ,19.75,9,210.65
3359-DSRKA,19.85,58,1158.85
3363-DTIVD,105.55,71,7405.5
3373-DIUUN,21.25,30,711.9
3374-TTZTK,106.3,52,5487
3389-KTRXV,23.85,23,625.65
3392-EHMNK,94.1,67,6302.8
3396-DKDEL,115.15,70,8250
3397-AVTKU,60.0,43,2548.55
3398-GCPMU,89.55,72,6448.85
3399-BMLVW,60.5,51,3121.45
3400-ESFUW,57.55,55,3046.4
3407-JMJQQ,109.0,71,7661.8
3410-YOQBQ,79.2,31,2497.2
3428-MMGUB,89.55,60,5231.2
3429-IFLEM,77.35,71,5550.1
3451-VAWLI,19.7,35,730.4
3454-JFUBC,20.0,68,1396
3457-PQBYH,20.3,58,1160.75
3458-IDMFK,20.75,25,499.4
3460-TJBWI,24.2,24,609.05
3470-OBUET,74.0,67,4868.4
3472-QPRCH,25.25,40,1006.9
3474-BAFSJ,57.5,57,3265.95
3486-HOOGQ,79.7,70,5743.3
3498-LZGQZ,19.15,63,1177.05
3500-NSDOA,70.8,68,4859.95
3507-GASNP,19.95,60,1189.9
3508-CFVZL,111.3,71,7985.9
3508-VLHCZ,90.55,71,6239.05
3511-BFTJW,38.5,72,2763
3512-IZIKN,65.3,70,4759.75
3518-FSTWG,109.55,72,7920.7
3520-FJGCV,112.6,72,8126.65
3521-HTQTV,26.1,34,980.35
3525-DVKFN,19.4,17,358.05
3533-UVMOM,70.95,68,4741.45
3544-FBCAS,83.6,72,5959.3
3546-GHEAE,19.45,7,165.35
3549-ZTMNH,24.0,12,269.65
3552-CTCYF,104.8,63,6597.25
3557-HTYWR,74.05,47,3496.3
3563-SVYLG,62.65,68,4375.8
3566-CAAYU,49.85,64,3210.35
3569-JFODW,90.95,72,6652.45
3580-GICBM,24.2,61,1445.2
3580-HYCSP,110.3,72,7966.9
3597-YASZG,104.45,70,7349.35
3612-YUNGG,109.2,64,6741.15
3612-YVGSJ,24.45,71,1681.6
3617-XLSGQ,109.25,66,7082.5
3620-EHIMZ,19.35,52,1031.7
3635-JBPSG,38.8,15,603
3635-QQRQD,20.05,62,1201.65
3638-VBZTA,86.5,68,5882.75
3638-WEABW,59.9,58,3505.1
3642-BYHDO,19.9,71,1389.35
3646-ITDGM,19.7,56,1051.9
3649-JPUGY,88.6,72,6201.95
3654-ARMGP,88.65,61,5321.25
3655-SNQYZ,113.25,69,7895.15
3662-FXJFO,20.5,54,1035.7
3669-WHAFY,115.15,71,8078.1
3678-MNGZX,19.95,68,1377.7
3696-DFHHB,25.5,68,1821.8
3704-IEAXF,53.65,72,3784
3705-RHRFR,99.15,69,6875.35
3716-LRGXK,101.15,60,6067.4
3717-FDJFU,20.45,5,106.9
3719-TDVQB,18.95,54,1031.1
3720-DBRWL,83.85,51,4307.1
3721-WKIIL,19.6,27,561.15
3726-TBHQT,114.0,71,8175.9
3729-OWRVL,110.35,65,7246.15
3745-HRPHI,54.65,66,3632
3764-MNMOI,19.2,46,908.15
3766-EJLFL,109.05,68,7508.55
3768-VHXQO,24.85,67,1583.5
3769-MHZNV,20.1,33,670.35
3774-VBNXY,20.2,64,1277.75
3777-XROBG,19.55,58,1079.65
3779-OSWCF,93.2,71,6506.15
3785-KTYSH,24.6,53,1279
3795-CAWEX,116.55,70,8152.3
3795-GWTRD,75.55,63,4707.85
3796-ENZGF,67.25,63,4234.15
3810-DVDQQ,117.6,72,8308.9
3810-PJUHR,25.35,70,1715.15
3812-LRZIR,24.5,27,761.95
3813-DHBBB,50.95,67,3521.7
3831-YCPUO,109.5,72,7854.9
3836-FZSDJ,24.85,71,1901
3841-NFECX,96.35,71,6766.95
3865-ZFZIB,19.65,19,358.15
3870-SPZSI,113.05,70,7869.05
3873-WOSBC,25.6,67,1784.9
3882-IYOIJ,115.25,60,6758.45
3884-UEBXB,36.15,67,2434.45
3889-VWBID,82.85,68,5776.45
3891-NLXJB,40.55,37,1390.85
3892-NXAZG,114.05,72,8289.2
3896-ZVNET,24.7,24,571.75
3902-MIVLE,75.7,63,4676.7
3908-MKIMJ,41.95,68,2965.75
3910-MRQOY,19.4,72,1496.45
3911-RSNHI,61.4,71,4310.35
3913-FCUUW,70.45,72,5165.7
3913-RDSJZ,25.55,64,1714.95
3933-DQPWX,39.7,50,1932.75
3938-YFPXD,84.3,72,5997.1
3948-KXDUF,68.75,66,4447.55
3957-SQXML,24.95,34,894.3
3963-RYFNS,116.45,72,8013.55
3967-KXAPS,92.3,72,6719.9
3967-VQOGC,24.9,67,1680.25
3970-XGJDU,19.2,62,1123.65
3973-SKMLN,19.9,71,1355.1
3976-HXHCE,19.3,72,1414.8
3978-YNKDD,20.85,19,467.5
3996-ZNWYK,19.8,71,1388.45
4006-HKYHO,86.7,63,5309.5
4012-YCFAI,61.35,60,3766.2
4016-BJKTZ,108.9,25,2809.05
4018-PPNDW,24.1,61,1551.6
4024-CSNBY,94.25,72,6849.75
4039-PIMHX,49.8,49,2398.4
4043-MKDTV,105.25,71,7291.75
4049-ZPALD,99.0,64,6375.8
4056-QHXHZ,107.45,72,7576.7
4057-FKCZK,82.5,58,4828.05
4075-WKNIU,73.35,0, 
4077-HWUYD,87.55,72,6463.15
4079-VTGLK,74.85,30,2181.75
4079-WWQQQ,65.55,72,4807.45
4086-WITJG,19.7,71,1301.1
4102-HLENU,65.65,67,4322.85
4111-BNXIF,59.55,67,4103.9
4115-BNPJY,75.55,29,2054.4
4119-ZYPZY,106.8,71,7623.2
4129-LYCOI,104.0,67,7039.05
4137-JOPHL,89.7,50,4304.5
4139-DETXS,64.45,72,4528
4159-NAAIX,97.45,63,6253
4176-RELJR,25.1,67,1672.15
4178-EGMON,88.0,70,5986.45
4188-PCPIG,70.35,57,4124.65
4193-IBKSW,24.75,72,1769.6
4194-FJARJ,60.0,54,3273.95
4195-PNGZS,24.45,69,1718.2
4199-QHJNM,102.9,67,6989.7
4213-HKBJO,25.7,33,826.1
4231-LZUYM,25.65,72,1887
4254-QPEDE,66.25,52,3330.1
4277-BWBML,19.95,72,1322.85
4291-TPNFG,82.3,72,5980.55
4293-ETKAP,79.4,65,5071.9
4295-YURET,72.6,56,4084.35
4299-OPXEJ,19.55,56,1080.55
4304-TSPVK,114.9,68,7843.55
4304-XUMGI,75.15,50,3822.45
4312-GVYNH,49.85,70,3370.2
4312-KFRXN,25.4,72,1710.9
4334-HOWRP,64.95,72,4546
4335-BSMJS,25.8,62,1563.95
4335-UPJSI,19.75,24,498.1
4355-HBJHH,79.7,67,5293.4
4361-FEBGN,20.15,48,982.95
4366-CTOUZ,100.2,50,5038.45
4367-NUYAO,25.75,0, 
4376-KFVRS,114.05,72,8468.2
4378-MYPGO,105.25,68,7173.15
4381-MHQDC,65.0,47,2879.9
4389-UEFCZ,105.5,72,7544
4393-GEADV,114.75,70,7842.3
4419-UJMUS,99.35,69,6856.45
4443-EMBNA,24.75,71,1836.9
4452-ROHMO,19.6,15,331.6
4458-KVRBJ,25.0,59,1510.5
4472-LVYGI,52.55,0, 
4475-NVTLU,19.2,45,903.7
4500-HKANN,59.7,23,1414.2
4513-CXYIX,80.7,71,5676
4521-WFJAI,25.95,56,1444.05
4526-EXKKN,24.6,40,973.95
4526-RMTLL,76.15,8,645.8
4534-WGCIR,25.15,58,1509.9
4565-NLZBV,24.65,71,1710.15
4568-KNYWR,63.25,52,3342.45
4573-JKNAE,19.35,12,212.3
4589-IUAJB,24.25,70,1724.15
4609-KNNWG,19.9,27,550.1
4615-PIVVU,66.5,42,2762.75
4616-ULAOA,110.8,65,7245.9
4622-YNKIJ,88.95,33,3027.65
4625-LAMOB,20.4,44,905.55
4625-XMOYM,26.25,72,1988.05
4627-MIHJH,110.25,69,7467.55
4635-EJYPD,18.95,32,613.95
4641-FROLU,19.3,30,602.9
4648-YPBTM,73.9,53,3958.25
4652-ODEVH,24.45,45,1088.25
4654-ULTTN,74.8,70,5315.8
4656-CAURT,23.95,69,1713.1
4664-NJCMS,59.55,33,2016.3
4670-TABXH,109.75,72,7758.9
4671-VJLCL,79.85,63,4861.45
4674-HGNUA,89.9,71,6457.15
4676-WLUHT,46.2,54,2431.95
4683-WYDOU,107.6,62,6912.7
4686-GEFRM,98.7,70,6858.9
4698-KVLLG,19.6,51,967.9
4701-LKOZD,89.75,70,6367.2
4703-MQYKT,19.6,21,390.4
4707-MAXGU,25.85,72,1872.2
4713-ZBURT,99.7,45,4634.35
4717-GHADL,79.6,50,4024.2
4718-WXBGI,91.95,72,6614.9
4723-BEGSG,86.65,72,6094.25
4735-BJKOU,20.15,40,804.85
4737-AQCPU,72.1,72,5016.65
4737-HOBAX,79.8,63,5034.05
4742-TXUEX,19.3,47,890.5
4751-ERMAN,75.4,72,5480.25
4774-HHGGS,19.05,30,637.55
4778-IZARL,110.1,63,6705.7
4779-ZGICK,23.55,48,1173.35
4782-OSFXZ,82.7,71,5831.2
4785-FCIFB,24.4,61,1417.9
4804-NCPET,20.2,19,387.4
4806-DXQCE,113.65,70,7714.65
4807-IZYOZ,20.65,51,1020.75
4817-KEQSP,19.85,71,1326.35
4821-WQOYN,20.1,72,1326.25
4822-LPTYJ,103.75,72,7346.2
4825-FUREZ,20.25,42,835.5
4827-DPADN,83.3,72,6042.7
4829-ZLJTK,112.4,72,8046.85
4835-YSJMR,49.8,39,1971.15
4836-WNFNO,25.0,72,1849.2
4837-PZTIC,41.9,47,1875.25
4849-PYRLQ,73.25,56,4054.2
4853-RULSV,104.0,70,7250.15
4854-SSLTN,59.5,2,130.5
4859-ZSRDZ,55.5,58,3166.9
4872-JCVCA,47.6,71,3377.8
4878-BUNFV,20.7,42,828.85
4883-KCPZJ,25.25,22,555.4
4884-LEVMQ,20.45,39,790
4884-TVUQF,101.3,57,5779.6
4891-NLUBA,61.45,61,3751.15
4896-CPRPF,25.45,35,809.25
4900-MSOMT,80.2,72,5714.2
4909-JOUPP,109.7,72,7898.45
4915-BFSXL,68.95,70,4858.7
4922-CVPDX,73.5,26,1905.7
4933-BSAIP,19.1,40,780.1
4940-KHCWD,37.7,60,2288.7
4950-HKQTE,26.25,22,605.9
4957-SREEC,20.35,70,1458.1
4967-WPNCF,63.7,72,4464.8
4973-MGTON,84.4,71,5969.3
4979-HPRFL,24.15,56,1402.25
4990-ALDGW,20.75,57,1118.8
4992-LTJNE,55.3,72,3983.6
4994-OBRSZ,76.1,14,1054.8
5003-XZWWO,84.2,71,5956.85
5006-MXVRN,20.7,39,762.45
5010-IPEAQ,54.2,67,3623.95
5013-SBUIH,109.65,50,5551.15
5014-GSOUQ,19.95,13,243.65
5038-ETMLM,113.65,72,8182.75
5044-XDPYX,25.5,51,1281.25
5055-BRMNE,106.7,67,7009.5
5057-RKGLH,20.35,9,191.1
5063-IUOKK,19.75,13,265.75
5067-WJEUN,54.2,67,3838.2
5075-JSDKI,24.45,59,1493.1
5089-IFSDP,109.45,58,6144.55
5090-EMGTC,100.05,59,6034.85
5093-FEGLU,19.65,47,921.55
5095-ETBRJ,56.8,55,3112.05
5110-CHOPY,53.6,60,3237.05
5115-GZDEL,67.2,72,4671.7
5115-SQAAU,25.6,69,1673.4
5117-ZSMHQ,89.9,71,6342.7
5124-EOGYE,20.45,31,638.55
5126-RCXYW,46.0,54,2424.05
5129-HHMZC,86.45,43,3574.5
5130-YPIRV,72.0,62,4284.2
5135-GRQJV,114.5,72,8331.95
5135-RDDQL,50.65,63,3221.25
5146-YYFRZ,19.95,67,1311.75
5148-HKFIR,19.7,20,406.95
5148-ORICT,74.35,64,4759.55
5153-LXKDT,110.2,68,7467.5
5158-RIVOP,20.9,11,202.3
5161-UBZXI,106.35,69,7261.75
5161-XEUVX,94.3,37,3460.95
5171-EPLKN,19.85,27,470
5172-RKOCB,108.95,72,7875
5176-LMJXE,20.55,47,945.7
5176-OLSKT,66.9,66,4370.25
5181-OABFK,61.3,56,3346.8
5183-KLYEM,112.75,72,8192.6
5193-QLVZB,104.75,63,6536.5
5197-LQXXH,83.3,71,5894.5
5197-YPYBZ,25.25,12,274.7
5208-FVQKB,67.95,70,4664.15
5214-NLTIT,90.8,72,6511.8
5220-AGAAX,24.0,68,1664.3
5227-JSCFE,46.35,71,3353.4
5229-DTFYB,98.8,41,3959.15
5231-FIQPA,19.85,41,810.45
5232-NXPAY,74.45,47,3510.3
5236-PERKL,112.95,57,6465
5242-UOWHD,20.35,45,929.2
5248-KWLAR,90.35,71,6325.25
5248-RPYWW,90.15,72,6716.45
5248-YGIJN,90.25,72,6369.45
5249-QYHEX,24.8,40,1024.7
5256-SKJGO,54.6,64,3423.5
5271-YNWVR,113.15,68,7856
5275-PMFUT,64.8,72,4719.75
5278-PNYOX,100.65,49,4917.75
5286-YHCVC,104.8,72,7470.1
5296-BFCYD,20.1,46,936.85
5296-PSYVW,24.55,72,1750.7
5304-EFJLP,111.65,72,8022.85
5310-NOOVA,19.95,46,907.05
5317-FLPJF,61.35,66,4193.4
5318-YKDPV,79.15,43,3566.6
5320-BRKGK,75.8,58,4415.75
5321-NTRKC,79.85,66,5234.95
5322-TEUJK,114.6,71,8100.25
5322-ZSMZY,25.75,31,755.6
5327-CNLUQ,96.9,48,4473.45
5327-XOKKY,73.45,72,5329
5329-KRDTM,77.35,72,5396.25
5334-AFQJB,25.1,72,1789.9
5338-YHWYT,61.45,37,2302.35
5346-BZCHP,19.4,69,1346.2
5356-KZCKT,24.45,58,1513.6
5360-LJCNJ,105.15,71,7555
5360-XGYAZ,65.65,72,4664.5
5375-XLDOF,114.35,69,7665.8
5377-NDTOU,91.05,71,6293.75
5394-MEITZ,80.6,60,4946.7
5397-NSKQG,50.9,67,3281.65
5406-KGRMX,24.55,71,1719.15
5414-OFQCB,90.45,57,5229.8
5440-FLBQG,108.4,69,7318.2
5442-PPTJY,19.7,12,258.35
5451-YHYPW,115.75,72,8443.7
5453-YBTWV,101.1,70,6994.8
5456-ITGIC,64.45,72,4641.1
5457-COLHT,80.65,69,5542.55
5458-CQJTA,74.8,65,4820.15
5465-BUBFA,19.3,41,772.4
5469-NUJUR,19.95,19,373.5
5472-CVMDX,38.9,68,2719.2
5480-XTFFL,21.0,31,697.7
5485-ITNPC,85.9,66,5595.3
5494-WOZRZ,82.0,71,5999.85
5495-GPSRW,19.7,20,419.4
5514-YQENT,111.15,41,4507.15
5529-GIBVH,20.15,47,1046.2
5542-NKVRU,20.75,42,844.45
5549-ZGHFB,24.95,50,1261.45
5567-GZKQY,20.3,58,1131.5
5574-NXZIU,109.2,63,7049.75
5583-EJXRD,54.05,44,2375.2
5598-IKHQQ,25.45,72,1866.45
5605-XNWEN,25.0,72,1802.55
5614-DNZCE,64.9,58,3795.45
5622-UEJFI,25.4,35,949.8
5641-DMBFJ,84.3,58,4916.4
5647-URDKA,19.7,8,130.25
5656-JAMLX,19.85,62,1253.65
5656-MJEFC,48.15,42,2032.3
5663-QBGIS,98.35,72,6929.4
5666-MBJPT,25.1,65,1725
5668-MEISB,106.1,72,7657.4
5671-RQRLP,75.65,70,5411.4
5676-CFLYY,73.35,71,5154.5
5680-LQOGP,82.45,68,5646.6
5684-FJVYR,90.35,72,6563.4
5693-PIPCS,99.65,41,4220.35
5696-CEIQJ,103.15,67,6895.5
5696-EXCYS,19.45,17,369.05
5696-JVVQY,70.1,48,3238.4
5699-BNCAS,24.65,71,1766.75
5702-KVQRD,82.55,71,5832.65
5707-ZMDJP,69.7,53,3729.6
5709-LVOEQ,80.85,0, 
5716-EZXZN,99.05,65,6416.7
5726-CVNYA,19.85,8,146.6
5727-MYATE,90.8,72,6397.6
5730-DBDSI,19.7,66,1253.8
5736-YEJAX,79.45,69,5502.55
5743-KHMNA,25.55,71,1898.1
5748-RNCJT,106.5,69,7348.8
5751-USDBL,81.0,46,3846.35
5762-TJXGK,58.75,52,3038.55
5766-FTRTS,84.45,72,6033.1
5781-BKHOP,100.65,72,7334.05
5781-RFZRP,73.5,71,5357.75
5787-KXGIY,19.3,72,1304.8
5788-YPOEG,84.75,34,2839.45
5792-JALQC,59.85,52,3103.25
5793-YOLJN,21.0,55,1210.3
5795-KTGUD,110.8,68,7553.6
5799-JRCZO,19.5,63,1215.1
5803-NQJZO,67.8,72,4804.65
5804-JMYIO,19.75,39,757.95
5816-JMLGY,80.4,70,5717.85
5821-MMEIL,19.9,57,1115.6
5840-NVDCG,68.25,16,1114.85
5845-BZZIB,20.1,35,655.3
5846-ABOBJ,24.45,71,1730.65
5846-NEQVZ,70.85,71,4973.4
5848-FHRFC,20.05,68,1386.9
5854-KSRBJ,25.4,70,1782.05
5855-EIBDE,106.65,49,5174.35
5859-HZYLF,19.15,26,515.75
5862-BRIXZ,60.75,46,2893.4
5879-HMFFH,88.05,72,6520.8
5884-FBCTL,25.1,72,1857.85
5887-IKKYO,94.35,58,5563.65
5893-KCLGT,19.75,72,1567
5893-PYOLZ,81.8,56,4534.45
5902-WBLSE,20.15,70,1411.2
5914-XRFQB,115.8,72,8424.9
5915-ANOEI,79.15,70,5536.5
5930-GBIWP,81.5,69,5553.25
5939-SXWHM,26.3,48,1245.05
5954-BDFSG,107.5,72,7853.7
5965-GGPRW,105.25,72,7609.75
5968-HYJRZ,24.55,47,1160.45
5970-GHJAW,19.95,46,862.4
5980-BDHPY,87.1,72,6230.1
5982-PSMKW,91.1,23,2198.3
5982-XMDEX,26.5,65,1698.55
5989-AXPUC,118.6,68,7990.05
5993-JSUWV,61.15,66,4017.45
5995-LFTLE,25.3,58,1474.35
5996-EBTKM,69.9,67,4615.9
5997-OPVFA,89.05,72,6254.45
5998-DZLYR,94.35,61,5703
6000-UKLWI,20.15,41,802.35
6007-TCTST,115.8,72,8476.5
6010-DDPPW,25.15,70,1940.85
6013-BHCAW,81.0,61,4976.15
6023-GSSXW,61.45,69,4131.2
6024-RUGGH,25.2,72,1798.9
6034-ZRYCV,54.2,72,3937.45
6035-RIIOM,97.2,54,5129.45
6048-NJXHX,19.75,41,899.45
6048-UWKAL,105.4,69,6998.95
6050-FFXES,105.35,69,7240.65
6060-QBMGV,19.85,70,1433.8
6064-ZATLR,52.85,27,1498.65
6080-LNESI,24.75,51,1234.6
6087-YPWHO,68.15,72,4808.7
6103-LIANB,99.5,59,5861.75
6115-ZTBFQ,65.5,72,4919.7
6119-SPUDB,38.25,46,1755.35
6120-RJKLU,79.95,62,4819.75
6122-EFVKN,35.75,24,830.8
6122-LJADA,90.15,70,6237.05
6134-KWTBV,23.4,62,1429.65
6139-ZZRBQ,20.05,64,1198.05
6164-HAQTX,53.95,71,3888.65
6166-YIPFO,64.7,72,4746.05
6169-PGNCD,74.3,57,4166.35
6169-PPETC,20.5,35,759.35
6176-YJWAS,97.95,72,7114.25
6177-PEVRA,55.5,48,2627.35
6181-AXXYF,24.75,72,1859.1
6196-HBOBZ,99.35,65,6347.55
6199-IPCAO,26.1,29,692.55
6203-HBZPA,63.9,52,3334.95
6211-WWLTF,99.7,63,6330.4
6217-KDYWC,19.6,57,1170.55
6234-RAAPL,99.9,72,7251.7
6242-FEGFD,96.6,66,6424.25
6244-BESBM,95.2,69,6671.7
6248-TKCQV,80.6,70,5460.2
6253-GNHWH,71.1,71,5224.95
6257-DTAYD,104.15,71,7365.3
6258-PVZWJ,90.8,68,6302.85
6265-FRMTQ,20.4,31,609.1
6283-GITPX,76.9,71,5522.7
6285-FTQBF,25.55,72,1867.7
6288-CHQJB,69.95,54,3871.85
6292-TOSSS,24.9,50,1195.25
6295-OSINB,109.65,72,7880.25
6297-NOOPG,110.5,70,7752.05
6308-CQRBU,109.25,71,7707.7
6322-PJJDJ,94.8,49,4690.65
6323-AYBRX,19.35,59,1099.6
6339-RZCBJ,78.9,48,3771.5
6339-TBELP,86.4,71,6172
6340-DACFT,20.55,50,1070.25
6345-FZOQH,19.9,69,1363.45
6348-SNFUS,55.45,72,4179.2
6349-JDHQP,19.85,53,1049.6
6365-HITVU,87.25,71,6328.7
6368-TZZDT,19.5,4,96.85
6369-MCAKO,89.05,68,6185.8
6370-ZVHDV,25.3,61,1554.9
6371-NZYEG,64.25,16,1024
6374-AFWOX,65.65,46,3047.15
6374-NTQLP,104.1,72,7447.7
6384-VMJHP,73.0,72,5265.2
6386-SZZKH,107.95,49,5293.2
6407-GSJNL,24.95,51,1288
6408-WHTEF,89.4,72,6376.55
6418-HNFED,83.25,51,4089.45
6418-PIQSP,81.0,62,4985.9
6425-JWTDV,19.25,48,855.1
6427-FEFIG,78.6,24,1846.65
6434-TTGJP,53.7,10,521
6435-VWCCY,92.7,65,5968.4
6437-UDQJM,84.1,72,6129.65
6439-PKTRR,80.7,70,5617.95
6445-TNRXS,114.7,68,7849.85
6461-SZMCV,87.95,71,6365.35
6463-HHXJR,100.5,71,7030.65
6463-MVYRY,69.85,57,4003
6479-SZPLM,19.45,36,754.5
6479-VDGRK,85.3,72,6129.2
6484-LATFU,24.55,68,1657.4
6485-QXWWE,26.0,62,1638.7
6504-VBLFL,58.6,55,3068.6
6505-OZNPG,63.4,6,348.8
6516-NKQBO,81.0,38,3084.9
6518-KZXCB,25.25,22,566.5
6518-PPLMZ,19.4,53,1110.35
6519-ZHPXP,108.3,72,7679.65
6522-OIQSX,54.95,69,3772.5
6549-BTYPG,60.8,60,3603.45
6551-VLJMV,20.05,34,679
6556-DBKZF,76.05,71,5436.45
6559-ILWKJ,49.35,71,3515.25
6568-POCUI,95.2,45,4285.8
6582-PLFUU,19.55,51,1086.75
6583-SZVGP,108.1,48,5067.45
6585-WCEWR,20.35,72,1354.4
6586-MYGKD,76.95,70,5289.8
6603-QWSPR,104.4,46,4904.2
6603-YRDCJ,61.05,33,2018.4
6609-MXJHJ,25.1,30,789.55
6614-FHDBO,109.2,72,7878.3
6614-YOLAC,58.65,71,4145.25
6614-YWYSC,25.0,61,1501.75
6616-AALSR,104.3,65,6725.3
6619-RPLQZ,20.85,45,892.15
6621-NRZAK,20.0,63,1209.25
6625-FLENO,20.75,58,1185.95
6625-IUTTT,65.55,67,4361.55
6631-HMANX,85.45,72,6227.5
6650-BWFRT,117.15,72,8529.5
6651-RLGGM,26.3,67,1688.9
6656-GULJQ,83.55,72,6093.3
6670-MFRPK,79.2,69,5420.65
6680-NENYN,104.6,43,4759.85
6681-ZSEXG,59.5,56,3389.25
6685-XSHHU,20.95,60,1270.55
6691-CCIHA,84.95,62,5150.55
6695-AMZUF,86.45,70,5950.2
6695-FRVEC,60.4,67,3953.7
6696-YDAYZ,20.5,16,290.55
6698-OXETB,20.4,11,231.45
6701-DHKWQ,51.35,61,3244.4
6701-YVNQG,88.7,72,6301.7
6719-FGEDO,97.0,72,7104.2
6723-CEGQI,45.25,65,2933.95
6725-TPKJO,20.05,44,845.25
6726-NNFWD,89.45,71,6435.25
6727-IOTLZ,81.95,14,1181.75
6732-VAILE,85.95,70,5931.75
6733-LRIZX,108.95,35,4025.5
6734-FQAJX,105.05,67,7171.7
6734-JDTTV,19.85,65,1267.05
6734-PSBAW,23.55,72,1723.95
6741-QRLUP,80.3,63,4995.35
6749-UTDVX,103.65,72,7634.8
6754-LZUKA,80.9,61,4932.5
6762-NSODU,19.4,46,958.15
6762-QVYJO,59.75,58,3624.35
6766-HFKLA,103.2,56,5744.35
6770-UAYGJ,25.25,49,1211.65
6797-LNAQX,98.3,70,6859.5
6804-GDMOI,106.6,61,6428.4
6813-GZQCG,24.65,45,1171.3
6828-HMKWP,21.05,12,262.05
6837-HAEVO,105.0,69,7297.75
6838-YAUVY,95.1,54,5064.85
6848-HJTXY,19.45,64,1208.6
6855-VLGOS,20.55,72,1432.55
6857-TKDJV,24.65,67,1620.45
6859-QNXIQ,113.1,72,8248.5
6867-ACCZI,52.5,24,1208.15
6870-ZWMNX,76.1,70,5264.25
6885-PKOAM,85.75,71,6223.8
6892-BOGQE,20.9,71,1493.2
6897-RWMUB,68.05,61,4158.25
6898-RBTLU,79.3,49,3902.45
6900-RBKER,89.45,52,4577.75
6901-GOGZG,84.95,60,4984.85
6904-JLBGY,117.35,72,8436.25
6916-HIJSE,84.85,65,5459.2
6917-FIJHC,26.0,72,1776
6919-ELBGL,114.95,72,8196.4
6923-AQONU,20.9,23,454
6925-BAYGL,25.1,53,1275.6
6928-ONTRW,19.7,72,1379.8
6950-TWMYB,79.95,54,4362.05
6953-PBDIN,72.95,70,5265.55
6961-MJKBO,20.45,47,943
6963-EZQEE,88.55,70,6306.5
6963-KQYQB,24.05,70,1764.75
6976-BWGLQ,25.2,72,1787.35
6980-IMXXE,20.2,69,1412.65
6990-YNRIO,108.65,65,6937.95
6993-YCOBK,110.6,60,6586.85
6993-YGFJV,112.55,69,7806.5
6997-UVGOX,85.45,71,6029.9
6999-CHVCF,102.1,68,7149.35
7005-CYUIL,99.4,71,7168.25
7008-LZVOZ,25.3,66,1672.35
7010-BRBUU,24.1,72,1734.65
7014-ZZXAW,24.25,71,1732.95
7017-VFHAY,115.1,61,7008.15
7018-FPXHH,59.8,56,3457.45
7021-XSNYE,49.65,7,305.55
7025-WCBNE,59.6,47,2754
7030-FZTFM,110.9,72,7922.75
7033-CLAMM,20.2,48,1027.25
7036-TYDEC,104.0,69,7028.5
7037-MTYVW,85.4,38,3297
7054-DMVAS,65.3,54,3512.9
7055-JCGNI,111.95,70,7795.95
7064-JHXCE,20.05,62,1263.9
7083-MIOPC,20.25,72,1566.9
7096-ZNBZI,26.45,72,1914.5
7101-HRBLJ,83.7,72,6096.9
7109-CQYUZ,89.25,52,4652.4
7110-BDTWG,47.05,71,3263.6
7113-HIPFI,65.85,66,4097.05
7114-AEOZE,19.85,60,1128.1
7115-IRDHS,24.65,72,1830.05
7131-ZQZNK,59.85,60,3590.2
7134-HBPBS,108.1,72,7774.05
7138-GIRSH,69.5,50,3418.2
7139-JZFVG,60.5,60,3694.45
7157-SMCFK,19.75,61,1124.2
7159-NOKYQ,93.15,67,6368.2
7161-DFHUF,23.85,71,1672.1
7162-WPHPM,71.6,58,4230.25
7164-BPTUT,89.55,57,5012.35
7167-PCEYD,19.8,67,1311.3
7169-YWAMK,68.4,72,4855.35
7173-TETGO,78.5,72,5602.25
7176-WRTNX,114.95,70,7711.25
7182-OVLBJ,101.15,62,6638.35
7191-ADRGF,54.3,44,2390.45
7196-LIWRH,19.55,6,124.45
7197-VOJMM,69.2,67,4671.65
7205-BAIAD,20.6,40,827.3
7208-PSIHR,104.3,70,7188.5
7225-IILWY,25.75,68,1686.15
7233-PAHHL,84.0,66,5714.25
7242-EDTYC,19.55,44,819.95
7253-UVNDW,54.35,46,2460.15
7255-SSFBC,112.25,72,8041.65
7267-FRMJW,20.1,25,486.05
7268-WNTCP,20.45,62,1297.35
7274-CGTOD,43.7,62,2618.3
7277-KAMWT,20.0,13,268.45
7284-ZZLOH,53.3,45,2296.25
7293-LSCDV,19.25,60,1103.25
7301-ABVAD,86.6,72,6350.5
7306-YDSOI,59.75,69,4069.9
7317-GGVPB,108.6,71,7690.9
7321-KKSDU,20.5,32,696.8
7321-ZNSLA,40.55,13,590.35
7322-OCWHC,93.05,72,6735.05
7328-ZJAJO,19.5,59,1222.65
7337-CINUD,19.5,8,159.35
7340-KEFQE,34.2,51,1782
7349-ALMUX,65.6,37,2313.8
7359-SSBJK,70.2,64,4481
7359-WWYJV,114.45,72,8375.05
7375-WMVMT,95.5,71,6707.15
7398-HPYZQ,90.55,71,6404
7399-QHBJS,66.75,72,4760.3
7401-JIXNM,91.3,54,4965
7408-OFWXJ,89.8,72,6510.45
7416-CKTEP,19.6,57,1134.25
7427-AUFPY,19.65,54,1008.7
7446-KQISO,109.75,45,4900.65
7463-IFMQU,20.05,72,1423.65
7469-LKBCI,18.95,16,326.8
7473-ZBDSN,18.8,14,255.55
7480-SPLEF,26.0,69,1796.55
7492-TAFJD,38.55,7,280
7493-GVFIO,20.55,57,1252.85
7501-IWUNG,73.8,61,4616.05
7503-EPSZW,24.05,64,1559.15
7503-MIOGA,89.85,72,6697.35
7508-DQAKK,86.4,64,5442.05
7515-LODFU,20.3,69,1356.3
7516-GMHUV,105.05,50,5163.3
7519-JTWQH,110.5,69,7455.45
7524-VRLPL,74.1,69,5031
7527-QNRUS,25.15,17,412.6
7552-KEYGT,19.55,27,520.55
7554-NEWDD,25.7,10,251.6
7558-IMLMT,20.8,67,1411.9
7560-QJAVJ,79.6,70,5589.45
7564-GHCVB,79.05,72,5730.7
7566-DSRLQ,110.15,72,7998.8
7569-NMZYQ,118.75,72,8672.45
7570-WELNY,84.7,68,5711.05
7572-KPVKK,104.05,62,6590.5
7579-KKLOE,91.25,71,6589.6
7596-IIWYC,20.25,27,538.2
7596-ZYWBB,59.6,65,3739.8
7599-NTMDP,48.7,62,3008.55
7601-DHFWZ,24.0,48,1183.05
7601-GNDYK,19.6,35,686.95
7602-DBTOU,19.6,71,1416.5
7602-MVRMB,110.45,72,8058.85
7605-BDWDC,49.85,31,1520.1
7606-BPHHN,19.8,72,1468.75
7608-RGIRO,24.4,62,1413
7609-YBPXG,87.1,54,4735.2
7622-FWGEW,85.65,56,4824.45
7633-MVPUY,59.75,57,3450.15
7634-HLQJR,20.05,47,1016.7
7639-LIAYI,79.75,52,4217.8
7639-OPLNG,79.25,70,5731.85
7641-TQFHN,100.55,39,3895.35
7643-RCHXS,19.35,63,1263.85
7644-OMVMY,19.85,0, 
7647-GYYKX,20.35,54,1092.35
7649-SIJJF,80.1,71,5585.4
7663-CUXZB,113.75,59,6561.25
7663-YJHSN,103.95,72,7556.9
7665-NKLAV,40.65,36,1547.35
7666-WKRON,80.45,39,3201.55
7673-BQGKU,20.15,69,1337.5
7684-XSZIY,24.3,72,1643.25
7688-AWMDX,54.5,71,3778.2
7691-XVTZH,89.95,68,5974.3
7695-PKLCZ,20.5,68,1424.9
7696-CFTAT,19.8,37,726.1
7710-JSYOA,93.3,69,6398.05
7711-GQBZC,24.7,71,1810.55
7717-BICXI,20.55,60,1205.05
7722-VJRQD,60.95,72,4549.05
7729-XBTWX,19.75,66,1344.5
7730-CLDSV,98.65,72,7129.45
7740-BTPUX,113.6,55,6292.7
7758-UJWYS,40.55,34,1325.85
7762-URZQH,106.05,66,6981.35
7765-LWVVH,95.1,72,6843.15
7771-CFQRQ,63.8,47,3007.25
7771-ZONAT,56.75,22,1304.85
7779-ORAEL,75.15,45,3480.35
7781-HVGMK,65.2,72,4784.45
7799-LGRDP,25.7,43,1188.2
7815-PDTHL,20.2,35,684.4
7816-VGHTO,40.55,6,217.5
7826-VVKWT,96.55,24,2263.45
7850-THJMU,19.65,26,494.9
7860-KSUGX,64.45,72,4720
7860-UXCRM,74.5,63,4674.55
7868-TMWMZ,110.0,60,6668.35
7873-CVMAW,88.55,72,6362.35
7876-DNYAP,19.8,69,1436.95
7898-PDWQE,80.4,71,5727.15
7921-BEPCI,59.75,72,4265
7923-IYJWY,116.1,67,7839.85
7929-SKFGK,114.3,70,8244.3
7941-RCJOW,19.55,65,1218.65
7945-PRBVF,21.45,35,705.45
7951-QKZPL,24.5,33,740.3
7954-MLBUN,99.45,31,3109.9
7963-SHNDT,39.1,52,1982.1
7969-FFOWG,19.9,65,1292.6
7971-HLVXI,84.5,72,6130.85
7973-DZRKH,90.95,66,5930.05
7975-JMZNT,91.7,66,6075.9
7977-HXJKU,19.6,21,397
7980-MHFLQ,24.9,72,1859.2
7996-BPXHY,25.0,13,332.5
7996-MHXLW,25.15,66,1683.6
7998-WNZEM,80.6,71,5708.2
8007-YYPWD,25.05,15,369.1
8015-IHCGW,115.5,72,8425.15
8024-XNAFQ,107.4,72,7748.75
8028-PNXHQ,24.25,62,1424.6
8029-XYPWT,115.05,71,8016.6
8039-ACLPL,68.75,72,4888.2
8039-EQPIM,60.25,69,4055.5
8041-TMEID,108.5,63,6991.9
8043-PNYSD,19.55,63,1245.6
8046-DNVTL,38.6,62,2345.55
8050-DVOJX,81.35,49,4060.9
8060-HIWJJ,86.55,64,5632.55
8067-NIOYM,21.1,24,490.65
8069-RHUXK,35.7,67,2545.7
8071-SBTRN,111.15,70,7737.55
8085-MSNLK,113.95,62,6891.4
8089-UZWLX,104.05,71,7413.55
8092-NLTGF,24.75,72,1777.6
8098-TDCBU,25.25,42,1108.2
8099-MZPUJ,111.8,48,5443.65
8100-PNJMH,88.85,68,6132.7
8106-GWQOK,60.0,38,2193.2
8107-RZLNV,106.3,72,7565.35
8125-QPFJD,84.9,72,6065.3
8129-GMVGI,20.05,56,1090.1
8143-ETQTI,19.65,23,451.55
8144-DGHXP,80.6,54,4299.95
8146-QQKZH,81.85,71,5924.4
8148-NLEGT,22.95,42,1014.25
8148-WOCMK,19.6,8,125
8152-VETUR,97.7,72,6869.7
8164-OCKUJ,20.6,59,1286
8165-CBKXO,56.75,66,3708.4
8165-ZJRNM,23.75,72,1679.25
8166-ZZTFS,80.55,66,5265.1
8169-SAEJD,56.55,69,3952.65
8173-RXAYP,19.7,24,452.55
8174-LNWMW,20.9,31,689.35
8174-TBVCF,94.8,70,6859.05
8181-YHCMF,60.3,68,4109
8197-BFWVU,93.25,72,6688.95
8200-LGKSR,83.2,71,6126.1
8204-YJCLA,64.8,72,4732.35
8205-VSLRB,77.3,70,5498.2
8207-DMRVL,114.55,72,8306.05
8207-VVMYB,26.0,70,2006.95
8208-EUMTE,54.85,16,916.15
8215-NGSPE,20.0,42,833.55
8216-AZUUZ,100.4,42,4303.65
8218-FFJDS,86.4,72,6058.95
8219-VYBVI,25.0,39,1004.35
8221-HVAYI,69.15,35,2490.15
8224-KDLKN,25.0,72,1738.9
8229-BUJHX,20.5,71,1500.95
8232-CTLKO,59.75,66,3996.8
8232-UTFOZ,19.95,69,1399.35
8234-GSZYK,26.45,43,1110.05
8237-ULIXL,24.85,72,1871.85
8242-PDSGJ,39.15,70,2692.75
8261-GWDBQ,116.05,60,6925.9
8263-QMNTJ,115.55,72,8425.3
8265-HKSOW,107.45,72,7658.3
8285-ABVLB,19.85,70,1328.35
8292-ITGYJ,24.65,45,1138.8
8295-KMENE,76.45,59,4519.5
8309-PPCED,110.45,72,7982.5
8311-UEUAB,75.5,67,5229.45
8313-AFGBW,73.6,47,3522.65
8314-HTWVE,19.85,7,144.15
8316-BBQAY,59.95,65,3921.1
8336-TAVKX,78.45,72,5682.25
8338-QIUNR,66.5,72,4811.6
8345-MVDYC,81.65,45,3618.7
8347-GDTMP,19.45,64,1225.65
8361-LBRDI,24.35,58,1423.85
8374-UULRV,86.05,72,6309.65
8380-MQINP,20.3,55,1079.05
8388-DMKAE,20.25,8,174.65
8390-FESFV,84.5,62,5193.2
8398-TBIYD,84.7,72,6185.15
8402-OOOHJ,20.65,41,835.15
8404-VIOMB,62.5,66,4136.4
8413-YNHNV,90.65,69,6322.1
8414-OOEEL,79.5,66,5196.1
8434-PNQZX,78.45,42,3373.4
8434-VGEQQ,20.55,61,1305.95
8441-SHIPE,25.6,67,1790.35
8450-LUGUK,24.1,37,861.85
8454-AATJP,115.05,72,8405
8464-EETCQ,18.8,57,1094.35
8465-SBRXP,94.9,38,3616.25
8466-PZBLH,104.6,67,6885.75
8468-FZTOE,74.35,72,5237.4
8480-PPONV,115.55,62,7159.05
8510-TMWYB,59.8,54,3246.45
8513-OLYGY,115.8,72,8332.15
8514-VZHEB,19.5,59,1147.85
8515-OCTJS,24.75,25,692.1
8532-UEFWH,25.75,52,1345.85
8540-ZQGEA,20.05,54,1102.4
8544-JNBOX,20.8,72,1521.2
8559-WNQZS,20.45,1,20.45
8565-WUXZU,84.8,72,6141.65
8571-ZCMCX,60.0,47,2768.65
8577-QSOCG,20.2,38,746.05
8580-QVLOC,92.45,72,6440.25
8587-XYZSF,50.55,67,3260.1
8590-YFFQO,64.95,70,4523.25
8591-TKMZH,111.1,59,6555.2
8606-CIQUL,115.75,72,8399.15
8606-OEGQZ,25.3,18,454.65
8612-GXIDD,25.4,12,313
8619-IJNDK,64.05,71,4492.9
8626-PTQGE,60.05,69,4176.7
8626-XHBIE,24.8,56,1424.2
8628-MFKAX,116.75,72,8277.05
8630-QSGXK,75.2,51,3901.25
8631-NBHFZ,79.4,66,5154.6
8639-NHQEI,95.9,72,6954.15
8645-KOMJQ,81.95,69,5601.4
8659-IOOPU,100.45,71,7159.7
8661-BOYNW,84.4,72,6096.45
8670-ERCJH,113.4,72,8164.1
8670-MEFCP,92.9,36,3379.25
8690-ZVLCL,88.0,68,6161.9
8701-DGLVH,20.45,51,1042.65
8707-HOEDG,110.2,70,7689.8
8711-LOBKY,19.85,59,1188.25
8722-PRFDV,77.55,71,5574.35
8727-JQFHV,20.75,57,1123.15
8727-XDPUD,35.8,37,1316.9
8735-SDUFN,24.3,72,1778.7
8747-UDCOI,19.35,65,1319.95
8749-TZYEC,24.8,72,1874.3
8750-QWZAJ,19.8,70,1378.75
8755-OGKNA,19.5,57,1167.6
8766-PAFNE,79.1,71,5564.85
8774-GSBUN,25.4,72,1797.1
8777-MBMTS,105.85,65,6725.5
8780-IHCRN,24.65,63,1574.5
8780-YRMTT,47.4,66,3177.25
8792-AOROI,65.5,8,564.35
8807-OPMBM,25.65,55,1388
8809-RIHDD,103.4,72,7372.65
8809-XKHMD,100.55,72,7325.1
8819-WFGGJ,54.1,68,3794.5
8819-ZBYNA,109.1,58,6393.65
8823-RLPWL,110.65,72,8065.65
8838-GPHZP,20.6,63,1298.7
8853-TZDGH,111.6,72,8012.75
8857-CUPFQ,19.25,63,1237.65
8859-AXJZP,23.8,39,903.8
8859-DZTGQ,20.35,33,689.75
8869-LIHMK,115.1,64,7334.05
8871-JLMHM,90.2,68,6297.65
8874-EJNSR,25.2,39,987.95
8879-XUAHX,116.25,71,8564.75
8882-TLVRW,39.1,69,2779.5
8883-ANODQ,84.4,68,5746.75
8896-RAZCR,19.9,44,868.1
8901-UPRHR,109.2,72,7711.45
8908-NMQTX,65.6,72,4566.5
8908-SLFCJ,20.85,21,435.25
8915-NNTRC,107.7,72,7919.8
8917-FAEMR,19.85,37,784.25
8917-SZTTJ,19.65,60,1161.75
8922-NPKBJ,19.35,42,867.3
8929-KSWIH,99.3,25,2513.5
8946-BFWSG,25.25,63,1573.05
8957-THMOA,20.15,50,970.85
8966-KZXXA,25.1,36,930.95
8966-SNIZF,19.45,70,1303.5
8975-SKGRX,116.1,71,8310.55
8984-EYLLL,105.25,64,6823.4
8984-HPEMB,118.65,71,8477.6
8990-YOZLV,66.9,69,4577.9
8999-EXMNO,20.15,19,387.7
8999-YPYBV,84.35,45,3858.05
9000-PLFUZ,49.45,60,2907.55
9018-PCIOK,64.75,55,3617.1
9027-TMATR,78.8,43,3460.3
9028-LIHRP,100.2,71,7209
9030-QGZNL,20.85,8,161.65
9031-ZVQPT,108.2,72,7840.6
9053-JZFKV,116.2,67,7752.3
9065-ZCPQX,78.85,72,5763.15
9068-FHQHD,20.15,40,777.35
9068-VPWQQ,75.35,61,4729.3
9070-BCKQP,110.15,72,7881.2
9073-ZZIAY,86.1,62,5215.25
9076-AXYIK,102.1,64,6538.45
9081-WWXKP,20.25,47,873.4
9084-OAYKL,20.8,58,1212.25
9087-EYCPR,25.0,60,1505.05
9091-WTUUY,69.25,64,4447.75
9102-OXKFY,54.15,59,3116.15
9108-EQPNQ,26.1,10,225.55
9110-HSGTV,82.45,69,5555.3
9114-DPSIA,81.0,72,5750
9127-FHJBZ,114.0,72,8093.15
9128-CPXKI,95.8,59,5655.45
9135-HSWOC,19.7,64,1274.05
9135-MGVPY,84.7,69,5878.9
9140-CZQZZ,79.6,68,5515.8
9150-KPBJQ,19.65,6,116.85
9152-AMKAK,80.25,6,493.4
9153-BTBVV,25.0,71,1753
9173-IVZVP,20.9,53,1146.05
9174-IHETN,70.35,50,3533.6
9178-JHUVJ,24.1,24,587.4
9194-GFVOI,84.35,42,3571.6
9220-CXRSC,61.4,69,4059.85
9220-ZNKJI,88.8,55,4805.3
9224-VTYID,90.5,47,4318.35
9225-BZLNZ,85.25,72,6083.1
9227-UAQFT,19.75,16,284.35
9227-YBAXE,82.5,65,5215.1
9236-NDUCW,35.1,21,770.4
9239-GZHZE,113.65,72,8124.2
9242-TKFSV,65.1,72,4754.3
9251-AWQGT,20.0,48,935.9
9257-AZMTZ,20.1,52,1078.75
9258-CNWAC,113.65,71,8166.8
9281-CEDRU,64.1,68,4326.25
9286-BHDQG,45.25,72,3139.8
9297-EONCV,91.35,72,6697.2
9297-FVVDH,84.5,57,4845.4
9298-WGMRW,115.5,72,8312.75
9330-VOFSZ,110.8,60,6640.7
9337-SRRNI,25.3,66,1673.8
9339-FIIJL,85.95,72,6151.9
9348-ROUAI,90.3,59,5194.05
9350-ZXYJC,25.3,4,116.95
9351-HXDMR,110.9,72,8240.85
9359-JANWS,58.9,65,3857.1
9365-CSLBQ,24.35,71,1654.6
9371-BITHB,19.85,52,1070.5
9372-TXXPS,59.85,60,3483.45
9385-EHGDO,19.85,35,739.35
9385-NXKDA,82.65,72,5919.35
9392-XBGTD,20.6,27,581.85
9397-TZSHA,24.6,69,1678.05
9405-GPBBG,110.5,64,7069.25
9412-ARGBX,95.5,48,4627.85
9415-ZNBSX,89.0,70,6293.2
9418-RUKPH,19.95,38,756.4
9424-CMPOG,19.6,9,197.4
9430-NKQLY,25.1,72,1790.8
9432-RUVSL,102.5,48,4904.25
9435-JMLSX,86.1,71,6045.9
9443-JUBUO,65.25,72,4478.85
9453-PATOS,85.1,72,6155.4
9477-LGWQI,80.15,70,5600.15
9479-HYNYL,80.7,71,5705.05
9481-WHGWY,75.35,70,5437.75
9488-FVZCC,79.5,72,5661.7
9488-FYQAU,109.25,63,6841.4
9489-DEDVP,69.2,70,4872.35
9489-JMTTN,89.75,72,6595.9
9499-XPZXM,64.75,72,4804.75
9500-WBGRP,19.1,69,1268.85
9504-YAZWB,20.25,53,1048.45
9507-HSMMZ,20.0,54,1149.65
9530-GRMJG,84.1,70,5979.7
9537-JALFH,19.9,69,1356.7
9541-PWTWO,80.95,52,4233.95
9541-ZPSEA,80.35,68,5375.15
9548-LERKT,19.75,24,483.15
9548-LIGTA,81.05,61,4747.65
9548-ZMVTX,90.45,72,6565.85
9553-DLCLU,88.95,13,1161.75
9558-IHEZX,106.75,71,7283.25
9560-BBZXK,31.05,36,1126.35
9565-AXSMR,19.2,52,1054.75
9565-FLVCG,69.55,65,4459.15
9570-KYEUA,99.25,64,6549.45
9574-BOSMD,25.4,68,1620.2
9585-KKMFD,20.0,41,879.8
9586-JGQKH,105.4,64,6794.75
9588-YRFHY,19.9,49,1022.6
9589-ABEPT,92.45,69,6460.55
9593-CVZKR,24.45,56,1385.85
9610-WCESF,43.9,67,3097.2
9624-EGDEQ,19.8,37,813.3
9625-QNLUX,103.25,68,7074.4
9625-RZFUK,19.7,63,1275.85
9631-RXVJM,19.25,35,677.9
9637-CDTKZ,114.1,72,8086.4
9646-NMHXE,19.65,47,973.1
9648-BCHKM,24.65,18,471.35
9650-VBUOG,25.05,38,963.95
9661-JALZV,24.7,58,1519
9668-PUGNU,24.5,71,1816.2
9674-EHPPG,40.4,46,1842.7
9675-ICXCT,80.8,72,5728.55
9680-NIAUV,109.7,72,8129.3
9695-IDRZR,116.15,34,3946.9
9710-NJERN,20.15,39,826
9715-SBVSU,61.4,14,815.55
9715-WZCLW,97.2,71,6910.3
9717-IOAAF,25.85,27,788.55
9739-JLPQJ,117.5,72,8670.1
9755-JHNMN,67.4,49,3306.85
9764-REAFF,18.4,59,1057.85
9769-TSBZE,66.0,70,4891.5
9777-IQHWP,93.4,64,5822.3
9778-OGKQZ,92.0,72,6782.15
9786-IJYDL,113.2,35,3914.05
9786-YWNHU,63.55,63,4014.2
9788-HNGUT,116.95,72,8594.4
9795-NREXC,85.0,64,5484.4
9795-SHUHB,58.2,66,3810.8
9796-MVYXX,39.7,14,692.35
9798-OPFEM,21.1,46,937.1
9800-OUIGR,20.0,66,1374.2
9802-CAQUT,109.55,72,7887.25
9814-AOUDH,19.5,53,1050.5
9823-EALYC,80.85,72,5727.45
9838-BFCQT,26.1,72,1851.45
9845-PEEKO,79.2,59,4590.35
9848-JQJTX,100.9,72,7459.05
9861-PDSZP,108.05,72,7806.6
9866-OCCKE,109.75,72,8075.35
9867-XOBQA,53.15,21,1183.2
9871-ELEYA,67.65,34,2339.3
9880-TDQAC,60.0,72,4264
9885-MFVSU,46.35,35,1662.05
9888-ZCUMM,60.05,64,3845.45
9906-NHHVC,53.5,65,3517.9
9916-AYHTC,19.85,48,916
9919-FZDED,84.1,72,5981.65
9924-JPRMC,118.2,72,8547.15
9926-PJHDQ,76.8,72,5468.45
9928-BZVLZ,49.85,12,552.1
9933-QRGTX,97.2,60,5611.75
9938-PRCVK,19.7,41,804.25
9938-TKDGL,99.55,68,6668
9945-PSVIP,18.7,25,383.65
9950-MTGYX,20.3,28,487.95
9953-ZMKSM,25.25,63,1559.3
9958-MEKUC,103.95,72,7517.7
9959-WOFKT,106.7,71,7382.25
9964-WBQDJ,24.4,71,1725.4
9972-EWRJS,19.25,67,1372.9
9975-GPKZU,19.75,46,856.5
9993-LHIEB,67.85,67,4627.65
9995-HOTOH,59.0,63,3707.6
